Google Drive URL,ImageKit URL,File ID,Used In (count),Status
"https://drive.google.com/file/d/18NBcSJ4uEq7tnlpgk-BWlpgXwxrdfFnQ/view?usp=drivesdk","https://ik.imagekit.io/fq27eon0z/threadcart/migrated/18NBcSJ4uEq7tnlpgk-BWlpgXwxrdfFnQ.jpg",18NBcSJ4uEq7tnlpgk-BWlpgXwxrdfFnQ,1,SUCCESS
"https://drive.google.com/file/d/1m8SQtMA_FIKoxjuFyObgRuWb4FhSoKTB/view?usp=drivesdk","https://ik.imagekit.io/fq27eon0z/threadcart/migrated/1m8SQtMA_FIKoxjuFyObgRuWb4FhSoKTB.jpg",1m8SQtMA_FIKoxjuFyObgRuWb4FhSoKTB,1,SUCCESS
"https://drive.google.com/file/d/1quXP6qyf7RCsqVMx-whinwyOq3RbpWUP/view?usp=drivesdk","https://ik.imagekit.io/fq27eon0z/threadcart/migrated/1quXP6qyf7RCsqVMx-whinwyOq3RbpWUP.jpg",1quXP6qyf7RCsqVMx-whinwyOq3RbpWUP,1,SUCCESS
"https://drive.google.com/file/d/1pakES7s6DfgqpqAlkbfv11GwNNos611I/view?usp=sharing","https://ik.imagekit.io/fq27eon0z/threadcart/migrated/1pakES7s6DfgqpqAlkbfv11GwNNos611I.jpg",1pakES7s6DfgqpqAlkbfv11GwNNos611I,4,SUCCESS
"https://drive.google.com/file/d/1eNKqMn_EXJC3G8ErtPRkKByt47INwcI-/view?usp=sharing","https://ik.imagekit.io/fq27eon0z/threadcart/migrated/1eNKqMn_EXJC3G8ErtPRkKByt47INwcI-.jpg",1eNKqMn_EXJC3G8ErtPRkKByt47INwcI-,7,SUCCESS
"https://drive.google.com/file/d/1QGB9jGWTmngr8CTIDqcPcn1vj7S1bjnm/view?usp=sharing","https://ik.imagekit.io/fq27eon0z/threadcart/migrated/1QGB9jGWTmngr8CTIDqcPcn1vj7S1bjnm.jpg",1QGB9jGWTmngr8CTIDqcPcn1vj7S1bjnm,1,SUCCESS
"https://drive.google.com/file/d/1W9nME0wveK8kRNh4jcqznvXwEyfIeUiH/view?usp=sharing","https://ik.imagekit.io/fq27eon0z/threadcart/migrated/1W9nME0wveK8kRNh4jcqznvXwEyfIeUiH.jpg",1W9nME0wveK8kRNh4jcqznvXwEyfIeUiH,1,SUCCESS
"https://drive.google.com/file/d/14AysIFw4epWeJaZFdQ1JTU5bVblJNwwS/view?usp=sharing","https://ik.imagekit.io/fq27eon0z/threadcart/migrated/14AysIFw4epWeJaZFdQ1JTU5bVblJNwwS.jpg",14AysIFw4epWeJaZFdQ1JTU5bVblJNwwS,1,SUCCESS
"https://drive.google.com/file/d/150G3yddjTTbmWXhBUorPOxzuyj4luU3v/view?usp=sharing","https://ik.imagekit.io/fq27eon0z/threadcart/migrated/150G3yddjTTbmWXhBUorPOxzuyj4luU3v.jpg",150G3yddjTTbmWXhBUorPOxzuyj4luU3v,1,SUCCESS
"https://drive.google.com/file/d/1BRBBL8OvNWOluODbbkeRCQv2BWQA9yDJ/view?usp=sharing","https://ik.imagekit.io/fq27eon0z/threadcart/migrated/1BRBBL8OvNWOluODbbkeRCQv2BWQA9yDJ.jpg",1BRBBL8OvNWOluODbbkeRCQv2BWQA9yDJ,1,SUCCESS
"https://drive.google.com/file/d/1GsXZ2SpDEWdt6PpFGmJ0Cr6gA7achyEF/view?usp=sharing","https://ik.imagekit.io/fq27eon0z/threadcart/migrated/1GsXZ2SpDEWdt6PpFGmJ0Cr6gA7achyEF.jpg",1GsXZ2SpDEWdt6PpFGmJ0Cr6gA7achyEF,3,SUCCESS
"https://drive.google.com/file/d/1qyzTP9eM9QHmEP-o3mS5Xlr0ccLPRTsV/view?usp=sharing","https://ik.imagekit.io/fq27eon0z/threadcart/migrated/1qyzTP9eM9QHmEP-o3mS5Xlr0ccLPRTsV.jpg",1qyzTP9eM9QHmEP-o3mS5Xlr0ccLPRTsV,4,SUCCESS
"https://drive.google.com/file/d/1P6LiSh0udPs0ISsBzSiEqWZO6NRMIBqd/view?usp=sharing","https://ik.imagekit.io/fq27eon0z/threadcart/migrated/1P6LiSh0udPs0ISsBzSiEqWZO6NRMIBqd.jpg",1P6LiSh0udPs0ISsBzSiEqWZO6NRMIBqd,2,SUCCESS
"https://drive.google.com/file/d/1quXP6qyf7RCsqVMx-whinwyOq3RbpWUP/view?usp=sharing","https://ik.imagekit.io/fq27eon0z/threadcart/migrated/1quXP6qyf7RCsqVMx-whinwyOq3RbpWUP.jpg",1quXP6qyf7RCsqVMx-whinwyOq3RbpWUP,4,SUCCESS
"https://drive.google.com/file/d/1hmS5a2oDzZiSYcl3YulGVpeMmf9MmF7x/view?usp=sharing","https://ik.imagekit.io/fq27eon0z/threadcart/migrated/1hmS5a2oDzZiSYcl3YulGVpeMmf9MmF7x.jpg",1hmS5a2oDzZiSYcl3YulGVpeMmf9MmF7x,1,SUCCESS
"https://drive.google.com/file/d/1zygyrZxY-I6GdI4XUgqN9W2azICcDYi1/view?usp=sharing","https://ik.imagekit.io/fq27eon0z/threadcart/migrated/1zygyrZxY-I6GdI4XUgqN9W2azICcDYi1.jpg",1zygyrZxY-I6GdI4XUgqN9W2azICcDYi1,1,SUCCESS
"https://drive.google.com/file/d/169mWY-zo0kYPzBm97cyk53oItEeQxv2E/view?usp=sharing","https://ik.imagekit.io/fq27eon0z/threadcart/migrated/169mWY-zo0kYPzBm97cyk53oItEeQxv2E.jpg",169mWY-zo0kYPzBm97cyk53oItEeQxv2E,6,SUCCESS
"https://drive.google.com/file/d/1_94UOzMOz9FVPXIGxYpHlLJiARME01v8/view?usp=sharing","https://ik.imagekit.io/fq27eon0z/threadcart/migrated/1_94UOzMOz9FVPXIGxYpHlLJiARME01v8.jpg",1_94UOzMOz9FVPXIGxYpHlLJiARME01v8,1,SUCCESS
"https://drive.google.com/file/d/1rbkHZsQgRc7DVnLdV5SJeVGMW_wb100Z/view?usp=sharing","https://ik.imagekit.io/fq27eon0z/threadcart/migrated/1rbkHZsQgRc7DVnLdV5SJeVGMW_wb100Z.jpg",1rbkHZsQgRc7DVnLdV5SJeVGMW_wb100Z,4,SUCCESS
"https://drive.google.com/file/d/1t2QHMl7IFUoFC7qWqh4DrRU4TF48aBNC/view?usp=sharing","https://ik.imagekit.io/fq27eon0z/threadcart/migrated/1t2QHMl7IFUoFC7qWqh4DrRU4TF48aBNC.jpg",1t2QHMl7IFUoFC7qWqh4DrRU4TF48aBNC,6,SUCCESS
"https://drive.google.com/file/d/1JsOIlV7GerGLG30VSCKoC4xdZt8iRpG9/view?usp=sharing","https://ik.imagekit.io/fq27eon0z/threadcart/migrated/1JsOIlV7GerGLG30VSCKoC4xdZt8iRpG9.jpg",1JsOIlV7GerGLG30VSCKoC4xdZt8iRpG9,2,SUCCESS
"https://drive.google.com/file/d/1Wx3J8JWYVxlKaKxTXM17Fp56n__Vfib6/view?usp=sharing","https://ik.imagekit.io/fq27eon0z/threadcart/migrated/1Wx3J8JWYVxlKaKxTXM17Fp56n__Vfib6.jpg",1Wx3J8JWYVxlKaKxTXM17Fp56n__Vfib6,9,SUCCESS
"https://drive.google.com/file/d/1ZVZQ1FrTRcAOuxw4oUg3d12p1tvsKiWa/view?usp=sharing","https://ik.imagekit.io/fq27eon0z/threadcart/migrated/1ZVZQ1FrTRcAOuxw4oUg3d12p1tvsKiWa.jpg",1ZVZQ1FrTRcAOuxw4oUg3d12p1tvsKiWa,4,SUCCESS
"https://drive.google.com/file/d/1lDIicBhzy4ydBFrj9vvJOumrB3mQeoXU/view?usp=sharing","https://ik.imagekit.io/fq27eon0z/threadcart/migrated/1lDIicBhzy4ydBFrj9vvJOumrB3mQeoXU.jpg",1lDIicBhzy4ydBFrj9vvJOumrB3mQeoXU,1,SUCCESS
"https://drive.google.com/file/d/1yyxWo3HdipcswUC1famc5H5ig_wHpDCd/view?usp=sharing","https://ik.imagekit.io/fq27eon0z/threadcart/migrated/1yyxWo3HdipcswUC1famc5H5ig_wHpDCd.jpg",1yyxWo3HdipcswUC1famc5H5ig_wHpDCd,3,SUCCESS
"https://drive.google.com/file/d/16_68kSDHZh73HjOlDjn5iUTR0qNytFcv/view?usp=sharing","https://ik.imagekit.io/fq27eon0z/threadcart/migrated/16_68kSDHZh73HjOlDjn5iUTR0qNytFcv.jpg",16_68kSDHZh73HjOlDjn5iUTR0qNytFcv,1,SUCCESS
"https://drive.google.com/file/d/1_2cPJcwpcYcFO0G6h-ovOBHgc5tO60Id/view?usp=sharing","https://ik.imagekit.io/fq27eon0z/threadcart/migrated/1_2cPJcwpcYcFO0G6h-ovOBHgc5tO60Id.jpg",1_2cPJcwpcYcFO0G6h-ovOBHgc5tO60Id,1,SUCCESS
"https://drive.google.com/file/d/1NzxrhlxUc9A9KEBV0bBstzitXaroBDkr/view?usp=sharing","https://ik.imagekit.io/fq27eon0z/threadcart/migrated/1NzxrhlxUc9A9KEBV0bBstzitXaroBDkr.jpg",1NzxrhlxUc9A9KEBV0bBstzitXaroBDkr,1,SUCCESS
"https://drive.google.com/file/d/1BRBBL8OvNWOluODbbkeRCQv2BWQA9yDJ/view?usp=drive_link","https://ik.imagekit.io/fq27eon0z/threadcart/migrated/1BRBBL8OvNWOluODbbkeRCQv2BWQA9yDJ.jpg",1BRBBL8OvNWOluODbbkeRCQv2BWQA9yDJ,3,SUCCESS
"https://drive.google.com/file/d/1XpTO_iCwrLrL1tsX4dlJ9VE2MP7t8vfz/view?usp=sharing","https://ik.imagekit.io/fq27eon0z/threadcart/migrated/1XpTO_iCwrLrL1tsX4dlJ9VE2MP7t8vfz.jpg",1XpTO_iCwrLrL1tsX4dlJ9VE2MP7t8vfz,18,SUCCESS
"https://drive.google.com/file/d/1nRQDXt9p1JmIKBYpfjsIy9iWZ7i60dsi/view?usp=sharing","https://ik.imagekit.io/fq27eon0z/threadcart/migrated/1nRQDXt9p1JmIKBYpfjsIy9iWZ7i60dsi.jpg",1nRQDXt9p1JmIKBYpfjsIy9iWZ7i60dsi,17,SUCCESS
"https://drive.google.com/file/d/1SbuyzR_E2E8A4MNHBm35HrUM6BCu50iE/view?usp=drive_link","https://ik.imagekit.io/fq27eon0z/threadcart/migrated/1SbuyzR_E2E8A4MNHBm35HrUM6BCu50iE.jpg",1SbuyzR_E2E8A4MNHBm35HrUM6BCu50iE,1,SUCCESS
"https://drive.google.com/file/d/107IkYBwxb9brCTq9nCAJZ2qc9mZmduHA/view?usp=sharing","https://ik.imagekit.io/fq27eon0z/threadcart/migrated/107IkYBwxb9brCTq9nCAJZ2qc9mZmduHA.jpg",107IkYBwxb9brCTq9nCAJZ2qc9mZmduHA,8,SUCCESS
"https://drive.google.com/file/d/1fKLQmKGKyUnN4n90TNLiCPPW6cHTs84C/view?usp=sharing","https://ik.imagekit.io/fq27eon0z/threadcart/migrated/1fKLQmKGKyUnN4n90TNLiCPPW6cHTs84C.jpg",1fKLQmKGKyUnN4n90TNLiCPPW6cHTs84C,8,SUCCESS
"https://drive.google.com/file/d/1Rntg3M4cq3ovbWbChts5o3uF8LZaReoN/view?usp=sharing","https://ik.imagekit.io/fq27eon0z/threadcart/migrated/1Rntg3M4cq3ovbWbChts5o3uF8LZaReoN.jpg",1Rntg3M4cq3ovbWbChts5o3uF8LZaReoN,10,SUCCESS
"https://drive.google.com/file/d/1SbuyzR_E2E8A4MNHBm35HrUM6BCu50iE/view?usp=sharing","https://ik.imagekit.io/fq27eon0z/threadcart/migrated/1SbuyzR_E2E8A4MNHBm35HrUM6BCu50iE.jpg",1SbuyzR_E2E8A4MNHBm35HrUM6BCu50iE,14,SUCCESS
"https://drive.google.com/file/d/11lcTIgRZZJ9MIMfgkLQsqOBz3F-zhu-_/view?usp=sharing","https://ik.imagekit.io/fq27eon0z/threadcart/migrated/11lcTIgRZZJ9MIMfgkLQsqOBz3F-zhu-_.jpg",11lcTIgRZZJ9MIMfgkLQsqOBz3F-zhu-_,1,SUCCESS
"https://drive.google.com/file/d/1XKo3Xv_Z6tE-0C7MA1ueSWe_og8ixbdC/view?usp=sharing","https://ik.imagekit.io/fq27eon0z/threadcart/migrated/1XKo3Xv_Z6tE-0C7MA1ueSWe_og8ixbdC.jpg",1XKo3Xv_Z6tE-0C7MA1ueSWe_og8ixbdC,86,SUCCESS
"https://drive.google.com/file/d/1NyMq5WvSx4URm7vxlTM572-6p6KHO-al/view?usp=sharing","https://ik.imagekit.io/fq27eon0z/threadcart/migrated/1NyMq5WvSx4URm7vxlTM572-6p6KHO-al.jpg",1NyMq5WvSx4URm7vxlTM572-6p6KHO-al,86,SUCCESS
"https://drive.google.com/file/d/1ACuY9F9apnL450_FoiXL4F_LBii5cvOh/view?usp=sharing","https://ik.imagekit.io/fq27eon0z/threadcart/migrated/1ACuY9F9apnL450_FoiXL4F_LBii5cvOh.jpg",1ACuY9F9apnL450_FoiXL4F_LBii5cvOh,107,SUCCESS
"https://drive.google.com/file/d/1vVmHCCFJs0Dlc_zrXjpAkcDRLOpBunAm/view?usp=sharing","https://ik.imagekit.io/fq27eon0z/threadcart/migrated/1vVmHCCFJs0Dlc_zrXjpAkcDRLOpBunAm.jpg",1vVmHCCFJs0Dlc_zrXjpAkcDRLOpBunAm,92,SUCCESS
"https://drive.google.com/file/d/1JsOIlV7GerGLG30VSCKoC4xdZt8iRpG9/view?usp=drive_link","https://ik.imagekit.io/fq27eon0z/threadcart/migrated/1JsOIlV7GerGLG30VSCKoC4xdZt8iRpG9.jpg",1JsOIlV7GerGLG30VSCKoC4xdZt8iRpG9,2,SUCCESS
"https://drive.google.com/file/d/1m8SQtMA_FIKoxjuFyObgRuWb4FhSoKTB/view?usp=drive_link","https://ik.imagekit.io/fq27eon0z/threadcart/migrated/1m8SQtMA_FIKoxjuFyObgRuWb4FhSoKTB.jpg",1m8SQtMA_FIKoxjuFyObgRuWb4FhSoKTB,3,SUCCESS
"https://drive.google.com/file/d/1959iCSrDXtz6nsjvMZsvOzbwe1O5t-26/view?usp=sharing","https://ik.imagekit.io/fq27eon0z/threadcart/migrated/1959iCSrDXtz6nsjvMZsvOzbwe1O5t-26.jpg",1959iCSrDXtz6nsjvMZsvOzbwe1O5t-26,1,SUCCESS
"https://drive.google.com/file/d/15udDD1nGvV2PvCJ3iVE_FmcEgvaUCWTx/view?usp=sharing","https://ik.imagekit.io/fq27eon0z/threadcart/migrated/15udDD1nGvV2PvCJ3iVE_FmcEgvaUCWTx.jpg",15udDD1nGvV2PvCJ3iVE_FmcEgvaUCWTx,1,SUCCESS
"https://drive.google.com/file/d/1cWFHljy98DElg6N5tI-czdin0i89eqq_/view?usp=sharing","https://ik.imagekit.io/fq27eon0z/threadcart/migrated/1cWFHljy98DElg6N5tI-czdin0i89eqq_.jpg",1cWFHljy98DElg6N5tI-czdin0i89eqq_,1,SUCCESS
"https://drive.google.com/file/d/1s658yNgsC4CVFiuO59WsKCojGkyb_Jk1/view?usp=sharing","https://ik.imagekit.io/fq27eon0z/threadcart/migrated/1s658yNgsC4CVFiuO59WsKCojGkyb_Jk1.jpg",1s658yNgsC4CVFiuO59WsKCojGkyb_Jk1,1,SUCCESS
"https://drive.google.com/file/d/1-tR3XqLK0fqb1wuFbmQbqTseR1G54Djo/view?usp=sharing","https://ik.imagekit.io/fq27eon0z/threadcart/migrated/1-tR3XqLK0fqb1wuFbmQbqTseR1G54Djo.jpg",1-tR3XqLK0fqb1wuFbmQbqTseR1G54Djo,1,SUCCESS
"https://drive.google.com/file/d/1YlW5Lha5LyrgHQYm_W40-Jw4Q2K5sCjT/view?usp=sharing","https://ik.imagekit.io/fq27eon0z/threadcart/migrated/1YlW5Lha5LyrgHQYm_W40-Jw4Q2K5sCjT.jpg",1YlW5Lha5LyrgHQYm_W40-Jw4Q2K5sCjT,1,SUCCESS
"https://drive.google.com/file/d/1Pmf4wargz_aL5RkZFf0xkou0MFZQInLn/view?usp=sharing","https://ik.imagekit.io/fq27eon0z/threadcart/migrated/1Pmf4wargz_aL5RkZFf0xkou0MFZQInLn.jpg",1Pmf4wargz_aL5RkZFf0xkou0MFZQInLn,1,SUCCESS
"https://drive.google.com/file/d/1XIf2qZEpguDSpGObYJehdb49oXMzqCy6/view?usp=sharing","https://ik.imagekit.io/fq27eon0z/threadcart/migrated/1XIf2qZEpguDSpGObYJehdb49oXMzqCy6.jpg",1XIf2qZEpguDSpGObYJehdb49oXMzqCy6,14,SUCCESS
"https://drive.google.com/file/d/1p6mZ-TJB8ZeXDxsnAesW2WwsalWIbpaq/view?usp=sharing","https://ik.imagekit.io/fq27eon0z/threadcart/migrated/1p6mZ-TJB8ZeXDxsnAesW2WwsalWIbpaq.jpg",1p6mZ-TJB8ZeXDxsnAesW2WwsalWIbpaq,5,SUCCESS
"https://drive.google.com/file/d/1rjQVe95Jy8nDh41NZEu3XuT2j60VhkS5/view?usp=sharing","https://ik.imagekit.io/fq27eon0z/threadcart/migrated/1rjQVe95Jy8nDh41NZEu3XuT2j60VhkS5.jpg",1rjQVe95Jy8nDh41NZEu3XuT2j60VhkS5,1,SUCCESS
"https://drive.google.com/file/d/1-uqE2kqQvsAVCRbo8kyTnbNjDUdipHZ6/view?usp=sharing","https://ik.imagekit.io/fq27eon0z/threadcart/migrated/1-uqE2kqQvsAVCRbo8kyTnbNjDUdipHZ6.jpg",1-uqE2kqQvsAVCRbo8kyTnbNjDUdipHZ6,1,SUCCESS
"https://drive.google.com/file/d/1BW-rL67c92lBtZDyNfOQ3SdjrO_s5TQB/view?usp=sharing","https://ik.imagekit.io/fq27eon0z/threadcart/migrated/1BW-rL67c92lBtZDyNfOQ3SdjrO_s5TQB.jpg",1BW-rL67c92lBtZDyNfOQ3SdjrO_s5TQB,1,SUCCESS
"https://drive.google.com/file/d/1PgoSvktg8I1XySbDmsFqNjHBAQ3DeWdE/view?usp=sharing","https://ik.imagekit.io/fq27eon0z/threadcart/migrated/1PgoSvktg8I1XySbDmsFqNjHBAQ3DeWdE.jpg",1PgoSvktg8I1XySbDmsFqNjHBAQ3DeWdE,1,SUCCESS
"https://drive.google.com/file/d/1QykMRMFI1Jn8V60EvO5kYZRv27e-dG1u/view?usp=sharing","https://ik.imagekit.io/fq27eon0z/threadcart/migrated/1QykMRMFI1Jn8V60EvO5kYZRv27e-dG1u.jpg",1QykMRMFI1Jn8V60EvO5kYZRv27e-dG1u,1,SUCCESS
"https://drive.google.com/file/d/1XIf2qZEpguDSpGObYJehdb49oXMzqCy6/view?usp=sharing  ","https://ik.imagekit.io/fq27eon0z/threadcart/migrated/1XIf2qZEpguDSpGObYJehdb49oXMzqCy6.jpg",1XIf2qZEpguDSpGObYJehdb49oXMzqCy6,1,SUCCESS
"https://drive.google.com/file/d/1iS8YRs4n8YDe8LyuqWKxinqRTdY4ML02/view?usp=sharing","https://ik.imagekit.io/fq27eon0z/threadcart/migrated/1iS8YRs4n8YDe8LyuqWKxinqRTdY4ML02.jpg",1iS8YRs4n8YDe8LyuqWKxinqRTdY4ML02,1,SUCCESS
"https://drive.google.com/file/d/13KHSRuAQwuQOwfpqar7zUiZBcbUHhel1/view?usp=sharing","https://ik.imagekit.io/fq27eon0z/threadcart/migrated/13KHSRuAQwuQOwfpqar7zUiZBcbUHhel1.jpg",13KHSRuAQwuQOwfpqar7zUiZBcbUHhel1,3,SUCCESS
"https://drive.google.com/file/d/1m5HQCE0-9MMY3fei_WkvlL_-4knU2tip/view?usp=sharing","https://ik.imagekit.io/fq27eon0z/threadcart/migrated/1m5HQCE0-9MMY3fei_WkvlL_-4knU2tip.jpg",1m5HQCE0-9MMY3fei_WkvlL_-4knU2tip,1,SUCCESS
"https://drive.google.com/file/d/1khbPDEsMjN8fXMwNSiMxNLPRQX1aHgqd/view?usp=sharing","https://ik.imagekit.io/fq27eon0z/threadcart/migrated/1khbPDEsMjN8fXMwNSiMxNLPRQX1aHgqd.jpg",1khbPDEsMjN8fXMwNSiMxNLPRQX1aHgqd,1,SUCCESS
"https://drive.google.com/file/d/12QS3Z5wrSptcZ9j9Y3WOFvc8ZvMS_6fG/view?usp=sharing","https://ik.imagekit.io/fq27eon0z/threadcart/migrated/12QS3Z5wrSptcZ9j9Y3WOFvc8ZvMS_6fG.jpg",12QS3Z5wrSptcZ9j9Y3WOFvc8ZvMS_6fG,1,SUCCESS
"https://drive.google.com/file/d/1yv4nTQE93UsaKfFUMdbAFkXWIwVN3E8Y/view?usp=sharing","https://ik.imagekit.io/fq27eon0z/threadcart/migrated/1yv4nTQE93UsaKfFUMdbAFkXWIwVN3E8Y.jpg",1yv4nTQE93UsaKfFUMdbAFkXWIwVN3E8Y,1,SUCCESS
"https://drive.google.com/file/d/1bIukYg8Z_ifvv6vuCeXyoRIJOFLXpp_q/view?usp=sharing","https://ik.imagekit.io/fq27eon0z/threadcart/migrated/1bIukYg8Z_ifvv6vuCeXyoRIJOFLXpp_q.jpg",1bIukYg8Z_ifvv6vuCeXyoRIJOFLXpp_q,1,SUCCESS
"https://drive.google.com/file/d/1Wx3J8JWYVxlKaKxTXM17Fp56n__Vfib6/view?usp=drive_link","https://ik.imagekit.io/fq27eon0z/threadcart/migrated/1Wx3J8JWYVxlKaKxTXM17Fp56n__Vfib6.jpg",1Wx3J8JWYVxlKaKxTXM17Fp56n__Vfib6,9,SUCCESS
"https://drive.google.com/file/d/104HfNoPIIRxtsOcZexhw3ObNArcZmqKL/view?usp=sharing","https://ik.imagekit.io/fq27eon0z/threadcart/migrated/104HfNoPIIRxtsOcZexhw3ObNArcZmqKL.jpg",104HfNoPIIRxtsOcZexhw3ObNArcZmqKL,1,SUCCESS
"https://drive.google.com/file/d/13Y7YQqmnoaWw5WoCeRyStBdBaEPHJzT6/view?usp=sharing","https://ik.imagekit.io/fq27eon0z/threadcart/migrated/13Y7YQqmnoaWw5WoCeRyStBdBaEPHJzT6.jpg",13Y7YQqmnoaWw5WoCeRyStBdBaEPHJzT6,1,SUCCESS
"https://drive.google.com/file/d/1TUye-m1AISfapKud4WLXSGQorGs-BoHt/view?usp=sharing","https://ik.imagekit.io/fq27eon0z/threadcart/migrated/1TUye-m1AISfapKud4WLXSGQorGs-BoHt.jpg",1TUye-m1AISfapKud4WLXSGQorGs-BoHt,1,SUCCESS
"https://drive.google.com/file/d/15gHvIS-md-9vX5PorbaS0flJUOc_lZoA/view?usp=sharing","https://ik.imagekit.io/fq27eon0z/threadcart/migrated/15gHvIS-md-9vX5PorbaS0flJUOc_lZoA.jpg",15gHvIS-md-9vX5PorbaS0flJUOc_lZoA,1,SUCCESS
"https://drive.google.com/file/d/1BzxatrTTtxpfpggY_aUBPXKvMSDmG40_/view?usp=sharing","https://ik.imagekit.io/fq27eon0z/threadcart/migrated/1BzxatrTTtxpfpggY_aUBPXKvMSDmG40_.jpg",1BzxatrTTtxpfpggY_aUBPXKvMSDmG40_,1,SUCCESS
"https://drive.google.com/file/d/1CQUkRGFGzzJFpEie_hdpoAgpeFLj7G35/view?usp=sharing","https://ik.imagekit.io/fq27eon0z/threadcart/migrated/1CQUkRGFGzzJFpEie_hdpoAgpeFLj7G35.jpg",1CQUkRGFGzzJFpEie_hdpoAgpeFLj7G35,1,SUCCESS
"https://drive.google.com/file/d/1MpdL6eg9i4TR0Hjoa5IDerq5A4sYCIkK/view?usp=sharing","https://ik.imagekit.io/fq27eon0z/threadcart/migrated/1MpdL6eg9i4TR0Hjoa5IDerq5A4sYCIkK.jpg",1MpdL6eg9i4TR0Hjoa5IDerq5A4sYCIkK,1,SUCCESS
"https://drive.google.com/file/d/1ecsbVVINla28w3pn1I4-_7vBIPk02KHW/view?usp=sharing","https://ik.imagekit.io/fq27eon0z/threadcart/migrated/1ecsbVVINla28w3pn1I4-_7vBIPk02KHW.jpg",1ecsbVVINla28w3pn1I4-_7vBIPk02KHW,1,SUCCESS
"https://drive.google.com/file/d/1LSr-o1mrJ_qJAGg2k_ovBugeMpbassi6/view?usp=sharing","https://ik.imagekit.io/fq27eon0z/threadcart/migrated/1LSr-o1mrJ_qJAGg2k_ovBugeMpbassi6.jpg",1LSr-o1mrJ_qJAGg2k_ovBugeMpbassi6,1,SUCCESS
"https://drive.google.com/file/d/1UlNezfm4e2b3Tf1RroDhZsuwy1Lt2LXb/view?usp=sharing","https://ik.imagekit.io/fq27eon0z/threadcart/migrated/1UlNezfm4e2b3Tf1RroDhZsuwy1Lt2LXb.jpg",1UlNezfm4e2b3Tf1RroDhZsuwy1Lt2LXb,1,SUCCESS
"https://drive.google.com/file/d/1F_Hm28ajKeLhqZLiesD4CwHWDNI_HPS8/view?usp=sharing","https://ik.imagekit.io/fq27eon0z/threadcart/migrated/1F_Hm28ajKeLhqZLiesD4CwHWDNI_HPS8.jpg",1F_Hm28ajKeLhqZLiesD4CwHWDNI_HPS8,1,SUCCESS
"https://drive.google.com/file/d/1NNVpJ9w5QRJDHB0pCNEfOtSX1fHq59N7/view?usp=sharing","https://ik.imagekit.io/fq27eon0z/threadcart/migrated/1NNVpJ9w5QRJDHB0pCNEfOtSX1fHq59N7.jpg",1NNVpJ9w5QRJDHB0pCNEfOtSX1fHq59N7,1,SUCCESS
"https://drive.google.com/file/d/1t6YkmPHgecyuzPGjz7rdku_JVSn3VLY6/view?usp=sharing","https://ik.imagekit.io/fq27eon0z/threadcart/migrated/1t6YkmPHgecyuzPGjz7rdku_JVSn3VLY6.jpg",1t6YkmPHgecyuzPGjz7rdku_JVSn3VLY6,1,SUCCESS
"https://drive.google.com/file/d/1WWks-S85dTds6JZZBS3qAW5_3j9boLbb/view?usp=sharing","https://ik.imagekit.io/fq27eon0z/threadcart/migrated/1WWks-S85dTds6JZZBS3qAW5_3j9boLbb.jpg",1WWks-S85dTds6JZZBS3qAW5_3j9boLbb,1,SUCCESS
"https://drive.google.com/file/d/1fuPhxVaX2ldVZAJFAo7AgHCpNTLZYFVt/view?usp=sharing","https://ik.imagekit.io/fq27eon0z/threadcart/migrated/1fuPhxVaX2ldVZAJFAo7AgHCpNTLZYFVt.jpg",1fuPhxVaX2ldVZAJFAo7AgHCpNTLZYFVt,1,SUCCESS
"https://drive.google.com/file/d/1GkH-UCWtE78gRhZV_xZnDtCkxWXY9_LO/view?usp=sharing","https://ik.imagekit.io/fq27eon0z/threadcart/migrated/1GkH-UCWtE78gRhZV_xZnDtCkxWXY9_LO.jpg",1GkH-UCWtE78gRhZV_xZnDtCkxWXY9_LO,1,SUCCESS
"https://drive.google.com/file/d/1HMX7Ale8Pmsm6GG2Ms8Y8CJSrJVGaIhx/view?usp=sharing","https://ik.imagekit.io/fq27eon0z/threadcart/migrated/1HMX7Ale8Pmsm6GG2Ms8Y8CJSrJVGaIhx.jpg",1HMX7Ale8Pmsm6GG2Ms8Y8CJSrJVGaIhx,1,SUCCESS
"https://drive.google.com/file/d/1yKXk0-try_-_9vjiFpK0GdryEMOQ11_A/view?usp=sharing","https://ik.imagekit.io/fq27eon0z/threadcart/migrated/1yKXk0-try_-_9vjiFpK0GdryEMOQ11_A.jpg",1yKXk0-try_-_9vjiFpK0GdryEMOQ11_A,1,SUCCESS
"https://drive.google.com/file/d/19xiTJE87Lram0Bb9Sc_KB5bQ_wdxhgBV/view?usp=sharing","https://ik.imagekit.io/fq27eon0z/threadcart/migrated/19xiTJE87Lram0Bb9Sc_KB5bQ_wdxhgBV.jpg",19xiTJE87Lram0Bb9Sc_KB5bQ_wdxhgBV,1,SUCCESS
"https://drive.google.com/file/d/1o7L7vXhxbxrAqwc4ub2vT1uWH8DRdBP6/view?usp=sharing","https://ik.imagekit.io/fq27eon0z/threadcart/migrated/1o7L7vXhxbxrAqwc4ub2vT1uWH8DRdBP6.jpg",1o7L7vXhxbxrAqwc4ub2vT1uWH8DRdBP6,1,SUCCESS
"https://drive.google.com/file/d/1XEi-Wfvn8YT-SyEsUBgGFApLuPvs6DPL/view?usp=sharing","https://ik.imagekit.io/fq27eon0z/threadcart/migrated/1XEi-Wfvn8YT-SyEsUBgGFApLuPvs6DPL.jpg",1XEi-Wfvn8YT-SyEsUBgGFApLuPvs6DPL,1,SUCCESS
"https://drive.google.com/file/d/1ylP-aEK_5ZZ-J0OQwdRgjnQBKUE162pw/view?usp=sharing","https://ik.imagekit.io/fq27eon0z/threadcart/migrated/1ylP-aEK_5ZZ-J0OQwdRgjnQBKUE162pw.jpg",1ylP-aEK_5ZZ-J0OQwdRgjnQBKUE162pw,1,SUCCESS
"https://drive.google.com/file/d/1bBkUwP91WvkwWL7utZdhRm0QclC66ulO/view?usp=sharing","https://ik.imagekit.io/fq27eon0z/threadcart/migrated/1bBkUwP91WvkwWL7utZdhRm0QclC66ulO.jpg",1bBkUwP91WvkwWL7utZdhRm0QclC66ulO,1,SUCCESS
"https://drive.google.com/file/d/1ffHW9nTLyotI5QPEJTB8hLWAPDDv_8gL/view?usp=sharing","https://ik.imagekit.io/fq27eon0z/threadcart/migrated/1ffHW9nTLyotI5QPEJTB8hLWAPDDv_8gL.jpg",1ffHW9nTLyotI5QPEJTB8hLWAPDDv_8gL,1,SUCCESS
"https://drive.google.com/file/d/1LCA8OG0AhItouF2TnXpZzdqbo_MibwiG/view?usp=sharing","https://ik.imagekit.io/fq27eon0z/threadcart/migrated/1LCA8OG0AhItouF2TnXpZzdqbo_MibwiG.jpg",1LCA8OG0AhItouF2TnXpZzdqbo_MibwiG,1,SUCCESS
"https://drive.google.com/file/d/1Fhf0yvkG6GxaGdSXfDRz-uiZLKfwhzoS/view?usp=sharing","https://ik.imagekit.io/fq27eon0z/threadcart/migrated/1Fhf0yvkG6GxaGdSXfDRz-uiZLKfwhzoS.jpg",1Fhf0yvkG6GxaGdSXfDRz-uiZLKfwhzoS,1,SUCCESS
"https://drive.google.com/file/d/1EvLWZZu5iTk2WNMoNHi4Zm9zDpvmMOBT/view?usp=sharing","https://ik.imagekit.io/fq27eon0z/threadcart/migrated/1EvLWZZu5iTk2WNMoNHi4Zm9zDpvmMOBT.jpg",1EvLWZZu5iTk2WNMoNHi4Zm9zDpvmMOBT,1,SUCCESS
"https://drive.google.com/file/d/1Fhf0yvkG6GxaGdSXfDRz-uiZLKfwhzoS/view?usp=drive_link","https://ik.imagekit.io/fq27eon0z/threadcart/migrated/1Fhf0yvkG6GxaGdSXfDRz-uiZLKfwhzoS.jpg",1Fhf0yvkG6GxaGdSXfDRz-uiZLKfwhzoS,1,SUCCESS
"https://drive.google.com/file/d/1O6aWZTZYAuqoSMSZCoY2MVUAstQM9OWe/view?usp=sharing","https://ik.imagekit.io/fq27eon0z/threadcart/migrated/1O6aWZTZYAuqoSMSZCoY2MVUAstQM9OWe.jpg",1O6aWZTZYAuqoSMSZCoY2MVUAstQM9OWe,1,SUCCESS
"https://drive.google.com/file/d/1hJOU1bzSVSVSqThzst3kazrvxoAkjXcG/view?usp=sharing","https://ik.imagekit.io/fq27eon0z/threadcart/migrated/1hJOU1bzSVSVSqThzst3kazrvxoAkjXcG.jpg",1hJOU1bzSVSVSqThzst3kazrvxoAkjXcG,1,SUCCESS
"https://drive.google.com/file/d/1bEzsR1FV_-TC1sd1TkABgTfHSAv1vy1q/view?usp=sharing","https://ik.imagekit.io/fq27eon0z/threadcart/migrated/1bEzsR1FV_-TC1sd1TkABgTfHSAv1vy1q.jpg",1bEzsR1FV_-TC1sd1TkABgTfHSAv1vy1q,1,SUCCESS
"https://drive.google.com/file/d/1Zoc8mFMGK5lpOaauBQiQ_gzFHWNwRu22/view?usp=drive_link","https://ik.imagekit.io/fq27eon0z/threadcart/migrated/1Zoc8mFMGK5lpOaauBQiQ_gzFHWNwRu22.jpg",1Zoc8mFMGK5lpOaauBQiQ_gzFHWNwRu22,1,SUCCESS
"https://drive.google.com/file/d/1KzCSiNt4c9IbD6bUSIxcRw3f8GxQkswW/view?usp=sharing","https://ik.imagekit.io/fq27eon0z/threadcart/migrated/1KzCSiNt4c9IbD6bUSIxcRw3f8GxQkswW.jpg",1KzCSiNt4c9IbD6bUSIxcRw3f8GxQkswW,1,SUCCESS
"https://drive.google.com/file/d/1az1ZFYj9y5yvxKGkGWWiWt1UrGbhkGmd/view?usp=drive_link","https://ik.imagekit.io/fq27eon0z/threadcart/migrated/1az1ZFYj9y5yvxKGkGWWiWt1UrGbhkGmd.jpg",1az1ZFYj9y5yvxKGkGWWiWt1UrGbhkGmd,1,SUCCESS
"https://drive.google.com/file/d/1VzfWzO3mvQZPSWyZpfvuB77685uKJasn/view?usp=sharing","https://ik.imagekit.io/fq27eon0z/threadcart/migrated/1VzfWzO3mvQZPSWyZpfvuB77685uKJasn.jpg",1VzfWzO3mvQZPSWyZpfvuB77685uKJasn,1,SUCCESS
"https://drive.google.com/file/d/1_mABx53ZHDdCIBc96nhEnk4fJH-b1Ca7/view?usp=sharing","https://ik.imagekit.io/fq27eon0z/threadcart/migrated/1_mABx53ZHDdCIBc96nhEnk4fJH-b1Ca7.jpg",1_mABx53ZHDdCIBc96nhEnk4fJH-b1Ca7,1,SUCCESS
"https://drive.google.com/file/d/13brAd6oNYneE72I53oiTdKaaEjjWjxcM/view?usp=sharing","https://ik.imagekit.io/fq27eon0z/threadcart/migrated/13brAd6oNYneE72I53oiTdKaaEjjWjxcM.jpg",13brAd6oNYneE72I53oiTdKaaEjjWjxcM,1,SUCCESS
"https://drive.google.com/file/d/19641zM48CBR3Obtwzl1INDFjksFz2fDU/view?usp=sharing","https://ik.imagekit.io/fq27eon0z/threadcart/migrated/19641zM48CBR3Obtwzl1INDFjksFz2fDU.jpg",19641zM48CBR3Obtwzl1INDFjksFz2fDU,1,SUCCESS
"https://drive.google.com/file/d/1ucJUHt5S1SyeLQzTpMaT4hB43arrO2Bi/view?usp=sharing","https://ik.imagekit.io/fq27eon0z/threadcart/migrated/1ucJUHt5S1SyeLQzTpMaT4hB43arrO2Bi.jpg",1ucJUHt5S1SyeLQzTpMaT4hB43arrO2Bi,1,SUCCESS
"https://drive.google.com/file/d/1jIHE69iTBBmU67tSwvPD0lzBi-X7PLZX/view?usp=sharing","https://ik.imagekit.io/fq27eon0z/threadcart/migrated/1jIHE69iTBBmU67tSwvPD0lzBi-X7PLZX.jpg",1jIHE69iTBBmU67tSwvPD0lzBi-X7PLZX,1,SUCCESS
"https://drive.google.com/file/d/138jjhC2Aw1prlbXx5FriAUVkxGGsmluY/view?usp=sharing","https://ik.imagekit.io/fq27eon0z/threadcart/migrated/138jjhC2Aw1prlbXx5FriAUVkxGGsmluY.jpg",138jjhC2Aw1prlbXx5FriAUVkxGGsmluY,1,SUCCESS
"https://drive.google.com/file/d/1gZ7kPcOUedhpsUefbS9qbr2fG_j84Ri3/view?usp=sharing","https://ik.imagekit.io/fq27eon0z/threadcart/migrated/1gZ7kPcOUedhpsUefbS9qbr2fG_j84Ri3.jpg",1gZ7kPcOUedhpsUefbS9qbr2fG_j84Ri3,1,SUCCESS
"https://drive.google.com/file/d/1hxh5Y9dAYfBunb32sE746LOZUqMyWdEf/view?usp=sharing","https://ik.imagekit.io/fq27eon0z/threadcart/migrated/1hxh5Y9dAYfBunb32sE746LOZUqMyWdEf.jpg",1hxh5Y9dAYfBunb32sE746LOZUqMyWdEf,1,SUCCESS
"https://drive.google.com/file/d/1djCxZkBx5yrFL_oHIp9-E3WNocTRZa3n/view?usp=sharing","https://ik.imagekit.io/fq27eon0z/threadcart/migrated/1djCxZkBx5yrFL_oHIp9-E3WNocTRZa3n.jpg",1djCxZkBx5yrFL_oHIp9-E3WNocTRZa3n,1,SUCCESS
"https://drive.google.com/file/d/1_sDAW1qoGXvZu4Kcya5SkrP2p4gChFPl/view?usp=sharing","https://ik.imagekit.io/fq27eon0z/threadcart/migrated/1_sDAW1qoGXvZu4Kcya5SkrP2p4gChFPl.jpg",1_sDAW1qoGXvZu4Kcya5SkrP2p4gChFPl,1,SUCCESS
"https://drive.google.com/file/d/1NoS5GfUWjqSYakv-9Z-gH070E5TfDHWx/view?usp=sharing","https://ik.imagekit.io/fq27eon0z/threadcart/migrated/1NoS5GfUWjqSYakv-9Z-gH070E5TfDHWx.jpg",1NoS5GfUWjqSYakv-9Z-gH070E5TfDHWx,1,SUCCESS
"https://drive.google.com/file/d/1kdkpVhLpWxRwJSQyXnulrw1FNAmDGLLD/view?usp=sharing","https://ik.imagekit.io/fq27eon0z/threadcart/migrated/1kdkpVhLpWxRwJSQyXnulrw1FNAmDGLLD.jpg",1kdkpVhLpWxRwJSQyXnulrw1FNAmDGLLD,1,SUCCESS
"https://drive.google.com/file/d/1vvWDFTsn_Zdk8QzUuDi1oykAGGXqqggY/view?usp=sharing","https://ik.imagekit.io/fq27eon0z/threadcart/migrated/1vvWDFTsn_Zdk8QzUuDi1oykAGGXqqggY.jpg",1vvWDFTsn_Zdk8QzUuDi1oykAGGXqqggY,1,SUCCESS
"https://drive.google.com/file/d/1IVmuevMpRoCIfqQpWzyg-AF7mncpCFDH/view?usp=sharing","https://ik.imagekit.io/fq27eon0z/threadcart/migrated/1IVmuevMpRoCIfqQpWzyg-AF7mncpCFDH.jpg",1IVmuevMpRoCIfqQpWzyg-AF7mncpCFDH,1,SUCCESS
"https://drive.google.com/file/d/1qb20hq2-mVyjzo0vhRbM480lD5dcVrqg/view?usp=sharing","https://ik.imagekit.io/fq27eon0z/threadcart/migrated/1qb20hq2-mVyjzo0vhRbM480lD5dcVrqg.jpg",1qb20hq2-mVyjzo0vhRbM480lD5dcVrqg,1,SUCCESS
"https://drive.google.com/file/d/1DvxyW0WKFHGiI7HOOmU5v46B6Vssl1K-/view?usp=sharing","https://ik.imagekit.io/fq27eon0z/threadcart/migrated/1DvxyW0WKFHGiI7HOOmU5v46B6Vssl1K-.jpg",1DvxyW0WKFHGiI7HOOmU5v46B6Vssl1K-,1,SUCCESS
"https://drive.google.com/file/d/1XWCL5MG0z3vYxBU1aiRnO599qqBROCoO/view?usp=sharing","https://ik.imagekit.io/fq27eon0z/threadcart/migrated/1XWCL5MG0z3vYxBU1aiRnO599qqBROCoO.jpg",1XWCL5MG0z3vYxBU1aiRnO599qqBROCoO,1,SUCCESS
"https://drive.google.com/file/d/1nNXyBO6nyecvX-ZQjPGHkcHlbY4bzYuw/view?usp=sharing","https://ik.imagekit.io/fq27eon0z/threadcart/migrated/1nNXyBO6nyecvX-ZQjPGHkcHlbY4bzYuw.jpg",1nNXyBO6nyecvX-ZQjPGHkcHlbY4bzYuw,1,SUCCESS
"https://drive.google.com/file/d/1xU7tQN9SGe8OEXD8ld3MnbS-0QfEpKiY/view?usp=sharing","https://ik.imagekit.io/fq27eon0z/threadcart/migrated/1xU7tQN9SGe8OEXD8ld3MnbS-0QfEpKiY.jpg",1xU7tQN9SGe8OEXD8ld3MnbS-0QfEpKiY,1,SUCCESS
"https://drive.google.com/file/d/1-88GhGq2rd4ML_sfIVq78caJdVCM7pll/view?usp=sharing","https://ik.imagekit.io/fq27eon0z/threadcart/migrated/1-88GhGq2rd4ML_sfIVq78caJdVCM7pll.jpg",1-88GhGq2rd4ML_sfIVq78caJdVCM7pll,1,SUCCESS
"https://drive.google.com/file/d/1B9odWo01UbfzwIJisgo_4c2EqgNNS6mO/view?usp=sharing","https://ik.imagekit.io/fq27eon0z/threadcart/migrated/1B9odWo01UbfzwIJisgo_4c2EqgNNS6mO.jpg",1B9odWo01UbfzwIJisgo_4c2EqgNNS6mO,1,SUCCESS
"https://drive.google.com/file/d/18Ct1m7O4VQ0J7UG4FTNqySmHwhsUYR5S/view?usp=sharing","https://ik.imagekit.io/fq27eon0z/threadcart/migrated/18Ct1m7O4VQ0J7UG4FTNqySmHwhsUYR5S.jpg",18Ct1m7O4VQ0J7UG4FTNqySmHwhsUYR5S,2,SUCCESS
"https://drive.google.com/file/d/1Zx3KiTYyCOcA_ylo9IZIfKcRT5F1F70T/view?usp=sharing","https://ik.imagekit.io/fq27eon0z/threadcart/migrated/1Zx3KiTYyCOcA_ylo9IZIfKcRT5F1F70T.jpg",1Zx3KiTYyCOcA_ylo9IZIfKcRT5F1F70T,1,SUCCESS
"https://drive.google.com/file/d/1z7TuK8YOuAKrDMkhrI_9DbAti6-TFJhY/view?usp=sharing","https://ik.imagekit.io/fq27eon0z/threadcart/migrated/1z7TuK8YOuAKrDMkhrI_9DbAti6-TFJhY.jpg",1z7TuK8YOuAKrDMkhrI_9DbAti6-TFJhY,1,SUCCESS
"https://drive.google.com/file/d/1cWKmcZ63ktAA3Tc2GTSs1cgNgu0J-QRw/view?usp=sharing","https://ik.imagekit.io/fq27eon0z/threadcart/migrated/1cWKmcZ63ktAA3Tc2GTSs1cgNgu0J-QRw.jpg",1cWKmcZ63ktAA3Tc2GTSs1cgNgu0J-QRw,1,SUCCESS
"https://drive.google.com/file/d/19e3r_A7BBMtRwspkwUnRFq0j3mFYpwU6/view?usp=sharing","https://ik.imagekit.io/fq27eon0z/threadcart/migrated/19e3r_A7BBMtRwspkwUnRFq0j3mFYpwU6.jpg",19e3r_A7BBMtRwspkwUnRFq0j3mFYpwU6,1,SUCCESS
"https://drive.google.com/file/d/12LennogwGTEJvizhfD0xhileC82IvQ-n/view?usp=sharing","https://ik.imagekit.io/fq27eon0z/threadcart/migrated/12LennogwGTEJvizhfD0xhileC82IvQ-n.jpg",12LennogwGTEJvizhfD0xhileC82IvQ-n,1,SUCCESS
"https://drive.google.com/file/d/1CBsDU-O7o-PmUQpxrDqxxMvvL7VGPRA5/view?usp=drive_link","https://ik.imagekit.io/fq27eon0z/threadcart/migrated/1CBsDU-O7o-PmUQpxrDqxxMvvL7VGPRA5.jpg",1CBsDU-O7o-PmUQpxrDqxxMvvL7VGPRA5,1,SUCCESS
"https://drive.google.com/file/d/1NhhWmx9HX8hpHYK6jz3VdtklSEwn_-3e/view?usp=sharing","https://ik.imagekit.io/fq27eon0z/threadcart/migrated/1NhhWmx9HX8hpHYK6jz3VdtklSEwn_-3e.jpg",1NhhWmx9HX8hpHYK6jz3VdtklSEwn_-3e,1,SUCCESS
"https://drive.google.com/file/d/1RT_yjwO4u7KYDex4rdz8upFCzfhWiWRg/view?usp=sharing","https://ik.imagekit.io/fq27eon0z/threadcart/migrated/1RT_yjwO4u7KYDex4rdz8upFCzfhWiWRg.jpg",1RT_yjwO4u7KYDex4rdz8upFCzfhWiWRg,1,SUCCESS
"https://drive.google.com/file/d/1c8Qo2CuH0OPpB-oS_3ELhJG6nWkF9k6d/view?usp=sharing","https://ik.imagekit.io/fq27eon0z/threadcart/migrated/1c8Qo2CuH0OPpB-oS_3ELhJG6nWkF9k6d.jpg",1c8Qo2CuH0OPpB-oS_3ELhJG6nWkF9k6d,1,SUCCESS
"https://drive.google.com/file/d/131PwrMez0gK26jOAk34XJQVTl5xbE4N9/view?usp=sharing","https://ik.imagekit.io/fq27eon0z/threadcart/migrated/131PwrMez0gK26jOAk34XJQVTl5xbE4N9.jpg",131PwrMez0gK26jOAk34XJQVTl5xbE4N9,1,SUCCESS
"https://drive.google.com/file/d/1sYKMcdyqemi0Cf_p9ZKKXPjZ4q-FR1yz/view?usp=sharing","https://ik.imagekit.io/fq27eon0z/threadcart/migrated/1sYKMcdyqemi0Cf_p9ZKKXPjZ4q-FR1yz.jpg",1sYKMcdyqemi0Cf_p9ZKKXPjZ4q-FR1yz,1,SUCCESS
"https://drive.google.com/file/d/1sI6i9W5728PDxNmOr6SmtK0-mHSSKbjm/view?usp=sharing","https://ik.imagekit.io/fq27eon0z/threadcart/migrated/1sI6i9W5728PDxNmOr6SmtK0-mHSSKbjm.jpg",1sI6i9W5728PDxNmOr6SmtK0-mHSSKbjm,1,SUCCESS
"https://drive.google.com/file/d/1Ip-w2wJfk7pKwwBGIbItoOQEAkSWhCcx/view?usp=sharing","https://ik.imagekit.io/fq27eon0z/threadcart/migrated/1Ip-w2wJfk7pKwwBGIbItoOQEAkSWhCcx.jpg",1Ip-w2wJfk7pKwwBGIbItoOQEAkSWhCcx,4,SUCCESS
"https://drive.google.com/file/d/1hvjCoAYiIUFY4QfBXA6bLC_d8HSzp9SO/view?usp=sharing","https://ik.imagekit.io/fq27eon0z/threadcart/migrated/1hvjCoAYiIUFY4QfBXA6bLC_d8HSzp9SO.jpg",1hvjCoAYiIUFY4QfBXA6bLC_d8HSzp9SO,1,SUCCESS
"https://drive.google.com/file/d/1jjenwUt7nS3Bkha4-LdgkIT-YOrUCdDw/view?usp=sharing","https://ik.imagekit.io/fq27eon0z/threadcart/migrated/1jjenwUt7nS3Bkha4-LdgkIT-YOrUCdDw.jpg",1jjenwUt7nS3Bkha4-LdgkIT-YOrUCdDw,1,SUCCESS
"https://drive.google.com/file/d/1fxD4L1LI995UnOUesMEr3c6yP2yyesQb/view?usp=sharing","https://ik.imagekit.io/fq27eon0z/threadcart/migrated/1fxD4L1LI995UnOUesMEr3c6yP2yyesQb.jpg",1fxD4L1LI995UnOUesMEr3c6yP2yyesQb,1,SUCCESS
"https://drive.google.com/file/d/1gtWkaa0oMSjtaI-C-3xi71gQ4cfSPeCR/view?usp=sharing","https://ik.imagekit.io/fq27eon0z/threadcart/migrated/1gtWkaa0oMSjtaI-C-3xi71gQ4cfSPeCR.jpg",1gtWkaa0oMSjtaI-C-3xi71gQ4cfSPeCR,1,SUCCESS
"https://drive.google.com/file/d/1Kri2WvO2A_NMMa0qf0xd1Z_v2plJge61/view?usp=sharing","https://ik.imagekit.io/fq27eon0z/threadcart/migrated/1Kri2WvO2A_NMMa0qf0xd1Z_v2plJge61.jpg",1Kri2WvO2A_NMMa0qf0xd1Z_v2plJge61,1,SUCCESS
"https://drive.google.com/file/d/1BZ2lWIWiAakxSoASgh7LU9bPkmUqJ2hi/view?usp=drive_link","https://ik.imagekit.io/fq27eon0z/threadcart/migrated/1BZ2lWIWiAakxSoASgh7LU9bPkmUqJ2hi.jpg",1BZ2lWIWiAakxSoASgh7LU9bPkmUqJ2hi,1,SUCCESS
"https://drive.google.com/file/d/17Gqj4FviHYKeDFo2Oa8p2vlhYLrqf1pl/view?usp=sharing","https://ik.imagekit.io/fq27eon0z/threadcart/migrated/17Gqj4FviHYKeDFo2Oa8p2vlhYLrqf1pl.jpg",17Gqj4FviHYKeDFo2Oa8p2vlhYLrqf1pl,2,SUCCESS
"https://drive.google.com/file/d/1dEp9MJKdmjOo4aKJwASwE_F3vamaEkdt/view?usp=sharing","https://ik.imagekit.io/fq27eon0z/threadcart/migrated/1dEp9MJKdmjOo4aKJwASwE_F3vamaEkdt.jpg",1dEp9MJKdmjOo4aKJwASwE_F3vamaEkdt,1,SUCCESS
"https://drive.google.com/file/d/157_x2dwCb7SKvYVanuqcFZNnsrqiuYRv/view?usp=sharing","https://ik.imagekit.io/fq27eon0z/threadcart/migrated/157_x2dwCb7SKvYVanuqcFZNnsrqiuYRv.jpg",157_x2dwCb7SKvYVanuqcFZNnsrqiuYRv,1,SUCCESS
"https://drive.google.com/file/d/1RG_UKvfkuzVPobTe-kBVjvPtt8Be-EEJ/view?usp=sharing","https://ik.imagekit.io/fq27eon0z/threadcart/migrated/1RG_UKvfkuzVPobTe-kBVjvPtt8Be-EEJ.jpg",1RG_UKvfkuzVPobTe-kBVjvPtt8Be-EEJ,1,SUCCESS
"https://drive.google.com/file/d/1sosVIXZeePSOHutximGI6c71XUr_i3p_/view?usp=sharing","https://ik.imagekit.io/fq27eon0z/threadcart/migrated/1sosVIXZeePSOHutximGI6c71XUr_i3p_.jpg",1sosVIXZeePSOHutximGI6c71XUr_i3p_,1,SUCCESS
"https://drive.google.com/file/d/15452yJYflrut13U6CUrSfKi9h3bSNwBD/view?usp=sharing","https://ik.imagekit.io/fq27eon0z/threadcart/migrated/15452yJYflrut13U6CUrSfKi9h3bSNwBD.jpg",15452yJYflrut13U6CUrSfKi9h3bSNwBD,1,SUCCESS
"https://drive.google.com/file/d/1pAoJR8_EdAO3rIodAtCUF-3tm9-Shamx/view?usp=sharing","https://ik.imagekit.io/fq27eon0z/threadcart/migrated/1pAoJR8_EdAO3rIodAtCUF-3tm9-Shamx.jpg",1pAoJR8_EdAO3rIodAtCUF-3tm9-Shamx,1,SUCCESS
"https://drive.google.com/file/d/10T5tWadCQra-Q0mq19t6yn-dp08kX_RQ/view?usp=sharing","https://ik.imagekit.io/fq27eon0z/threadcart/migrated/10T5tWadCQra-Q0mq19t6yn-dp08kX_RQ.jpg",10T5tWadCQra-Q0mq19t6yn-dp08kX_RQ,1,SUCCESS
"https://drive.google.com/file/d/1bLc1g0cMTSGN3lcvO6oT1LUX5IHnXY8l/view?usp=sharing","https://ik.imagekit.io/fq27eon0z/threadcart/migrated/1bLc1g0cMTSGN3lcvO6oT1LUX5IHnXY8l.jpg",1bLc1g0cMTSGN3lcvO6oT1LUX5IHnXY8l,1,SUCCESS
"https://drive.google.com/file/d/1oIxhk4uVAQI7HXIoWYSwhTXl1Bg9YNMc/view?usp=sharing","https://ik.imagekit.io/fq27eon0z/threadcart/migrated/1oIxhk4uVAQI7HXIoWYSwhTXl1Bg9YNMc.jpg",1oIxhk4uVAQI7HXIoWYSwhTXl1Bg9YNMc,1,SUCCESS
"https://drive.google.com/file/d/1DnN2d_Ocr7L--Jhj1ogfbPpFrS6dCWDa/view?usp=sharing","https://ik.imagekit.io/fq27eon0z/threadcart/migrated/1DnN2d_Ocr7L--Jhj1ogfbPpFrS6dCWDa.jpg",1DnN2d_Ocr7L--Jhj1ogfbPpFrS6dCWDa,1,SUCCESS
"https://drive.google.com/file/d/1LTmALE4ONXqnBtjxTBaT_kNUYrzN1rQY/view?usp=sharing","https://ik.imagekit.io/fq27eon0z/threadcart/migrated/1LTmALE4ONXqnBtjxTBaT_kNUYrzN1rQY.jpg",1LTmALE4ONXqnBtjxTBaT_kNUYrzN1rQY,1,SUCCESS
"https://drive.google.com/file/d/1rTy0GfoHl-H9LANU0E4I4wbuBQNYQx8A/view?usp=sharing","https://ik.imagekit.io/fq27eon0z/threadcart/migrated/1rTy0GfoHl-H9LANU0E4I4wbuBQNYQx8A.jpg",1rTy0GfoHl-H9LANU0E4I4wbuBQNYQx8A,1,SUCCESS
"https://drive.google.com/file/d/1FG2azVG7NtXy3-lwgYGKws1R_pJe31ue/view?usp=sharing","https://ik.imagekit.io/fq27eon0z/threadcart/migrated/1FG2azVG7NtXy3-lwgYGKws1R_pJe31ue.jpg",1FG2azVG7NtXy3-lwgYGKws1R_pJe31ue,1,SUCCESS